pairID,subID,imgID,audio_path,text,timestamp
0,0,img_09,e4tdk6ljdQ/2794.wav,TMTJV,1733529432.939064
0,0,img_02,qv7HTWmEzk/8410.wav,XNVJL,1733529432.939101
0,0,img_05,BqNmO0Ag7i/2246.wav,YBBCF,1733529432.939113
0,0,img_08,rnwL0mQ8Nl/2346.wav,HWXWL,1733529432.939123
0,1,img_02,ZkAjsJAFGu/3013.wav,GWNQW,1733529432.939132
0,0,img_10,UoRQW4RMct/8738.wav,ENSLU,1733529434.494189
0,1,img_01,DKjE6mbEFp/9935.wav,DTRUA,1733529434.494335
0,1,img_09,4CggxUIoAJ/7168.wav,ASWOM,1733529436.500451
0,0,img_11,eiHYMgyFjR/4444.wav,KBUKV,1733529436.500581
0,0,img_01,WVfYy4eUNH/1527.wav,IBJDQ,1733529436.5006962
0,1,img_06,FcVrqf9NKh/3201.wav,YCSDK,1733529436.5008051
0,1,img_07,vj1GaNBJCU/5129.wav,YXOMW,1733529436.500888
0,1,img_10,3DCVAQe3Fx/9714.wav,HPJJH,1733529438.506216
0,1,img_03,R8m0jXZ7cl/1512.wav,NRUWX,1733529438.5065129
0,0,img_02,7z9Uqq00oq/2657.wav,XDDNM,1733529438.5067751
0,0,img_02,hny5EVq0y6/6612.wav,MXMQK,1733529440.5081642
0,1,img_03,tZKRTgzw6f/8354.wav,EBWDE,1733529440.508466
0,1,img_08,ncjfW6SDgy/3593.wav,LEWQO,1733529442.5126882
0,1,img_02,GECFe78fMF/2918.wav,OCCCN,1733529442.512939
0,0,img_01,HW7DtSfFBt/8722.wav,LOBJU,1733529444.5188851
0,0,img_06,Zi52sNhehq/8897.wav,XDPAJ,1733529444.519064
0,0,img_03,SiJCrPDeba/7378.wav,GTEJT,1733529444.5192032
0,1,img_08,sTO3qBvxPE/8818.wav,GTFMS,1733529444.5193322
0,0,img_03,2Pzze8oHf3/5997.wav,WPXIH,1733529444.5194721
0,1,img_09,0piFPrbOaM/2267.wav,RTMET,1733529444.5196228
0,0,img_10,hIhuwgvHsK/1739.wav,MPOQJ,1733529444.519768
0,0,img_01,Xi5FqFx7Z9/3111.wav,OPLEY,1733529444.519907
0,0,img_05,W0baQy6myS/8695.wav,WQUDZ,1733529444.5200582
0,0,img_06,kr5pdv2rOh/8323.wav,MSVTY,1733529444.520174
0,0,img_01,TBrWhI0EkH/1987.wav,NBTBH,1733529446.521893
0,0,img_06,vQwMeuUGFh/7108.wav,JVLBQ,1733529446.522239
0,0,img_10,RjlK838MiP/2898.wav,NHIZJ,1733529446.522548
0,0,img_02,KIQjO1ml1U/3384.wav,WICKA,1733529446.522843
0,1,img_05,jp8htTTMHT/8386.wav,VQNYW,1733529446.523134
0,1,img_07,bUVMIPqQ2C/2733.wav,MVZVT,1733529446.5234292
0,1,img_05,tBjmZyTfof/9308.wav,KFWCC,1733529446.523734
0,1,img_02,DuH0u2sbm6/2206.wav,GYNKA,1733529448.530287
0,0,img_08,L3SUZHA1ox/4520.wav,GTTVL,1733529448.530689
0,0,img_02,kn41iTjKV7/5843.wav,VKUHC,1733529448.5310452
0,0,img_11,yvklx1acSE/3376.wav,SOGZW,1733529448.531383
0,0,img_06,0ahs0IFeaI/7995.wav,HLWIJ,1733529450.535994
0,0,img_06,X432XcQKna/2433.wav,INVGU,1733529450.536155
0,0,img_09,dxPJEhd19X/9669.wav,RHXEK,1733529452.5404391
0,1,img_09,0JTrj2pLim/3746.wav,KDEKZ,1733529452.540558
0,0,img_10,i3qN7ACvPM/4427.wav,NARRD,1733529452.540659
0,1,img_01,GcSjPhKlPn/4017.wav,WLZFB,1733529452.540757
0,1,img_07,lJIJ3I9pZw/3368.wav,FMULI,1733529452.540853
0,0,img_11,sbObF8ExId/7968.wav,LXRDJ,1733529452.540951
0,0,img_03,4pFid39pAZ/6189.wav,ZUVDP,1733529452.541045
0,0,img_02,PNHLdBuf2e/6549.wav,UFHMN,1733529452.541137
0,0,img_04,drBBPWxp3p/2614.wav,NKKAX,1733529454.415709
0,0,img_01,EP3njKt6AB/6907.wav,MISLJ,1733529454.4159622
0,0,img_12,aMh9PJJGS7/4103.wav,CBMPS,1733529454.416098
0,0,img_09,rGi7bmSdfo/9702.wav,VBNWK,1733529454.416183
0,1,img_02,Paclk6M1ue/8162.wav,SYDCA,1733529454.416484
0,0,img_09,sLjHLPFWw0/8063.wav,GNKTA,1733529454.416765
0,1,img_07,jPjvoJ6LKo/6557.wav,OLCSZ,1733529454.416826
0,0,img_02,EZjzB2EuR2/3899.wav,VQMTC,1733529454.416901
0,0,img_01,8Fzk73pbRa/5793.wav,GGNSN,1733529454.416959
0,1,img_09,7vWVnwB4v7/3537.wav,NMKBY,1733529454.417017
0,0,img_07,IOMi6uHYV7/8195.wav,VLRVS,1733529454.7950149
0,1,img_07,6fCoNvRrqM/8929.wav,YWASW,1733529454.79514
0,0,img_10,JCDV7gWnZh/7390.wav,EKGLG,1733529454.795616
0,1,img_02,maROmzWLds/9488.wav,JPLXO,1733529454.795763
0,0,img_12,JrUkBJupyB/4427.wav,CMNPA,1733529454.796125
0,0,img_05,Rw6rANE7M6/6937.wav,SDCUW,1733529454.796216
0,1,img_07,UNnoXeqPCN/1049.wav,HNIOM,1733529454.7964501
0,0,img_05,kBJewarK6c/9691.wav,NEIUU,1733529454.7966568
0,0,img_06,g1ZlB3WHor/2768.wav,NAZWF,1733529454.7967622
0,0,img_09,Z7SCxOjiDV/8973.wav,GFQLP,1733529454.797031
0,1,img_09,eT4y6TQsyg/8702.wav,YRYEJ,1733529456.4178162
0,0,img_04,RtwsH37r7q/6938.wav,DXERG,1733529456.417919
0,1,img_08,HZNbXHMEWP/6339.wav,YGMIC,1733529456.417989
0,0,img_12,arsBhZo4L4/3530.wav,YKOON,1733529456.418057
0,1,img_01,0EGtGYgfqr/9645.wav,XMZRF,1733529456.418296
0,1,img_08,n2Rc8aOwpo/4866.wav,GFLXV,1733529456.418365
0,0,img_05,yvO3xVSAVD/3749.wav,DBRRQ,1733529456.801037
0,1,img_11,JEDYlfOPjU/6275.wav,CRTLI,1733529456.801122
0,1,img_12,kHKkqgB1Gz/9100.wav,YKKEW,1733529456.8011892
0,1,img_10,TRdcGMlxWx/8911.wav,EAFZV,1733529456.8012521
0,1,img_01,StTiG0iNLu/4507.wav,ZPCLI,1733529456.801314
0,0,img_02,NoYqAMyfZD/2564.wav,JXQGS,1733529456.801373
0,0,img_08,BJ6VptGVn1/4608.wav,YXYXZ,1733529456.801434
0,1,img_03,9dQtBiPmkV/8599.wav,EPHCQ,1733529458.420023
0,1,img_05,Nx2egcSVC3/6586.wav,CEGGF,1733529458.420106
0,0,img_03,XM13zkZl7t/7007.wav,XTKZG,1733529458.4202838
0,1,img_07,rKZWKBEg9Q/6912.wav,PSDEL,1733529458.4204679
0,1,img_12,dxe3aQfKup/9489.wav,FUDIV,1733529458.806688
0,1,img_08,TFMiMLj7Qm/9392.wav,UQZDU,1733529458.806761
0,1,img_01,NeRRLKIf00/5681.wav,CACBJ,1733529458.806835
0,0,img_08,qEwwneq4w2/5774.wav,QRUOU,1733529458.8069088
0,1,img_05,Fv63NVvPdE/5726.wav,DZLLW,1733529458.806984
0,1,img_04,oOATiU3T82/2674.wav,YLMPX,1733529460.4262002
0,0,img_07,lQ416YvvTE/4494.wav,VSJPM,1733529460.4264178
0,0,img_05,cVd8DXeCqi/6517.wav,IFMEG,1733529460.426503
0,0,img_04,YAZ580Buun/2516.wav,CGGMO,1733529460.426635
0,0,img_11,LonUeCDYMB/3192.wav,CSWSP,1733529460.426966
0,0,img_01,DGAM5nSGJq/8510.wav,INSBV,1733529460.427042
0,0,img_11,QGsda3G2am/8735.wav,KDYEL,1733529460.4271328
0,1,img_11,dvcJZkG81K/3121.wav,SFPEA,1733529460.427364
0,0,img_06,Onr8gRyp9o/3718.wav,TJEOJ,1733529460.427673
0,0,img_05,oqEA1eV1Vr/2061.wav,ETBHM,1733529460.4278421
0,0,img_01,ZRC3Wc9YlN/1231.wav,VMGYF,1733529460.8083892
0,0,img_01,VmgLX6Wuld/2238.wav,RCLRP,1733529460.80847
0,0,img_01,zlu7t3eMLa/5258.wav,SDGZJ,1733529462.428766
0,1,img_12,HHlhuQ0XRl/9782.wav,CHCSH,1733529462.428895
0,1,img_05,6QyLPJ3fJc/4703.wav,SPFXL,1733529462.429228
0,1,img_02,nRc0rWsGiU/9606.wav,TYLNY,1733529462.429326
0,1,img_03,z0BrUCafJn/8511.wav,LEEKH,1733529462.429525
0,1,img_11,gpYTkWEvPL/9616.wav,QTZFO,1733529462.429694
0,0,img_05,sk0eL1Jaup/7657.wav,FODEU,1733529462.4299688
0,1,img_01,TOFyS8eguB/4574.wav,SFSCY,1733529462.430069
0,0,img_03,kPGtVwvlTS/5797.wav,KDWDF,1733529462.8137228
0,0,img_02,d2UvM9M3Vb/3723.wav,EGNVE,1733529462.813854
0,1,img_07,Dlf2bWPya1/6124.wav,PJEJY,1733529462.813994
0,0,img_11,Y7HqLgHixm/9194.wav,TRYPO,1733529462.8141189
0,0,img_11,LdlWMQXzyE/9891.wav,EXMXG,1733529462.814212
0,0,img_03,JzOTEOVN6S/6503.wav,CTNAV,1733529462.814305
0,1,img_12,cbI6QIxr4d/8701.wav,MMRXV,1733529462.8144
0,1,img_11,LnUGdrxoax/8239.wav,SIQUL,1733529462.814486
0,0,img_08,Atkmc5TPrA/4949.wav,TDECV,1733529462.8145862
0,1,img_10,4p3YUDQ2vs/7810.wav,JEBWB,1733529464.4357278
0,1,img_10,0MBjXumbrz/5728.wav,BECZV,1733529464.4358242
0,1,img_08,PxtIYKBUIP/6070.wav,IVRGO,1733529464.436037
0,0,img_02,m20PMnTj14/4857.wav,XGFWW,1733529464.4362319
0,0,img_05,pod4FkF7UC/8880.wav,OSJEG,1733529464.8158112
0,1,img_11,xFAuGEO7Lo/9699.wav,AXZDE,1733529464.815917
0,0,img_11,flIwWOw4rC/8951.wav,TWPXH,1733529464.81603
0,0,img_12,toZTR1OGpL/7309.wav,NZIWC,1733529464.816134
0,1,img_04,UL1N82V1mA/5482.wav,CWGYS,1733529466.437192
0,1,img_10,uPmpCsi6ri/4944.wav,LXOKV,1733529466.820899
0,0,img_07,zdEQieCPkf/4433.wav,CIQMW,1733529466.8209999
0,1,img_02,DwykdsTqxk/8883.wav,XRVWJ,1733529466.82109
0,0,img_11,lTTUpaU0IY/9366.wav,YVVCS,1733529466.821182
0,0,img_05,kmWBgsvRhQ/9264.wav,VDTSD,1733529466.821269
0,1,img_01,6zHkYNHNPE/7679.wav,EPDRM,1733529466.821373
0,0,img_08,8MRHk8CkgR/4424.wav,YKXZM,1733529466.8214688
0,1,img_03,kqWVKe5XxF/6795.wav,YDZRH,1733529468.4377239
0,0,img_05,e5J0tYZrIP/2808.wav,ACRZX,1733529468.437865
0,1,img_06,I7yP9tjc2d/4604.wav,SHWNH,1733529468.438123
0,0,img_10,TiSUCWcvID/2336.wav,HIOEV,1733529468.4382179
0,0,img_08,clw5XqISGd/6507.wav,LMJZD,1733529468.438427
0,0,img_04,ShoouvFFSa/6919.wav,BNJQW,1733529468.438766
0,0,img_07,oG6rThZJZH/1455.wav,PVEJE,1733529468.438884
0,0,img_01,djHkWkPlyM/1432.wav,ZVBEZ,1733529468.8219578
0,1,img_03,apCX44DxYR/8383.wav,KLVOY,1733529468.8220658
0,1,img_08,L1yuHCZdjY/9785.wav,AOKUK,1733529468.822169
0,0,img_07,nAB9GBn8s7/4611.wav,YKHRW,1733529468.8222651
0,0,img_01,U7n8uvMUoJ/5439.wav,ULZEE,1733529468.82236
0,1,img_04,lYxYhSnI3D/3864.wav,GHRRW,1733529468.822457
0,0,img_08,kcPDIZvzkS/5467.wav,PRTYK,1733529468.82255
0,0,img_02,yI9UyfuLmr/3760.wav,JHRUS,1733529468.822657
0,1,img_07,PDMppX9Ovs/8982.wav,HTRNB,1733529468.822748
0,1,img_09,ki6qwfX7zt/2490.wav,UOUQI,1733529468.822845
0,0,img_05,QGRCDuGE7w/1292.wav,BGWGC,1733529470.44089
0,1,img_05,KKFANiNPlG/8675.wav,BALSS,1733529470.44109
0,0,img_09,Ce8eWWg7cq/7947.wav,ZTNLK,1733529470.441422
0,0,img_09,rMKzCw28Wt/6323.wav,BEJGW,1733529470.823394
0,1,img_05,nktmg8BlW2/7037.wav,PERFX,1733529470.823508
0,1,img_04,8n6fwbWyWf/7000.wav,AVBEO,1733529472.446635
0,0,img_10,MweidcDAEV/8712.wav,GGELB,1733529472.4468071
0,0,img_07,jE4ZVQOYJF/5643.wav,ULVVZ,1733529472.447105
0,0,img_09,0LefjNFCzb/9694.wav,WRLRA,1733529472.447305
0,0,img_02,I9bPK2hrXj/4573.wav,VJVGP,1733529472.447426
0,1,img_01,PWEGq0SalY/7955.wav,QCBPE,1733529472.447767
0,0,img_02,GtKuxG3eDO/5886.wav,JOAOV,1733529472.447936
0,1,img_11,POQGk37Qm3/2453.wav,SXSAW,1733529472.448222
0,1,img_02,JLJ97RmvZt/5369.wav,WSIWB,1733529472.448421
0,0,img_04,KOqKwonpYr/1994.wav,VPJVT,1733529472.827248
0,1,img_04,mIkVEtVAnA/8426.wav,SVMQC,1733529472.827378
0,0,img_07,c32TdqE6PB/6992.wav,EMZOI,1733529472.8274891
0,0,img_10,xo7wawN15F/1955.wav,ZQCMY,1733529472.827609
0,1,img_04,kwSyC4v3y1/7717.wav,DRJKV,1733529472.827719
0,0,img_05,H4zjfbks8N/1574.wav,KFQKM,1733529472.827837
0,1,img_11,FG0nL5XkP4/5172.wav,LIKAP,1733529472.827946
0,1,img_11,eCurS9J4YS/4862.wav,RTKFV,1733529472.8280509
0,0,img_01,oRFaJFE49v/1663.wav,COFQS,1733529474.450114
0,0,img_09,5bOBvhFU93/2437.wav,HSWOZ,1733529474.450291
0,1,img_05,7PH6LTje9I/8786.wav,GEPIK,1733529474.450593
0,0,img_12,FmkttlJgQH/1482.wav,XUWQO,1733529474.4508102
0,1,img_04,buZnQzhsS1/6363.wav,OHWGH,1733529474.451249
0,0,img_07,WmLahG8bYL/3761.wav,LHPDQ,1733529474.4513988
0,0,img_09,V06SAw9C0o/4661.wav,AEASP,1733529474.451709
0,0,img_02,QAO99uXYoE/7096.wav,TJYDS,1733529474.828584
0,1,img_12,x2S4UKeKtf/5131.wav,ZKKOI,1733529474.8287082
0,0,img_01,W4RBdDWezN/8660.wav,IPVVK,1733529474.8288262
0,0,img_03,zyG4uctv1i/4850.wav,EDBHW,1733529476.4556181
0,0,img_05,vupIvVfUcf/3269.wav,JYUKK,1733529476.455843
0,1,img_06,TWupDh5MFT/9493.wav,VWNHT,1733529476.4561012
0,1,img_08,fafVp2qUSq/9460.wav,IUUGA,1733529476.456353
0,0,img_11,Ipdwn3rL3E/3507.wav,IFOID,1733529476.456782
0,0,img_10,vemdNAP59W/1535.wav,EKUGS,1733529476.456924
0,0,img_05,i38MoqTrY2/7205.wav,GJBUZ,1733529476.457147
0,0,img_10,Eoa7oWCw23/4389.wav,JVBSX,1733529476.457553
0,0,img_02,JEjZZ0j0ea/2645.wav,POJGA,1733529476.45773
0,1,img_06,VN3zezpNsy/8997.wav,QYJIS,1733529476.833941
0,1,img_04,KnJSOAcc9H/3399.wav,QYFAI,1733529476.834213
0,1,img_01,6bFHeBu34W/9537.wav,KVSRI,1733529476.834479
0,0,img_10,qW43xeG5Sc/3308.wav,SEUVC,1733529476.8346272
0,1,img_09,uaS3XNnWw7/6993.wav,CNWVC,1733529476.834752
0,1,img_01,KrjuIiNtdY/2759.wav,PUJWE,1733529478.461629
0,0,img_04,mvYhnK1w5p/2003.wav,KWSHP,1733529478.8362691
0,1,img_07,NU3Rch9YDz/6643.wav,SXKNV,1733529478.836403
0,1,img_01,r4MDGc0urp/5885.wav,JXGWY,1733529478.836531
0,0,img_01,5p76R9aSqz/1960.wav,CUHEK,1733529478.8366551
0,0,img_08,yznYsEhCNb/2954.wav,ISEAB,1733529478.836781
0,0,img_07,ITo1daSx5s/1263.wav,KEHJA,1733529478.8369122
0,1,img_07,2age4Hlftz/4845.wav,MFDLY,1733529478.8370519
0,1,img_01,ZkuPgOBxTo/2648.wav,CEDNI,1733529478.837179
0,0,img_12,fLHGAg5jau/7061.wav,YBWUA,1733529478.837302
0,1,img_05,c4lx4T0onA/9923.wav,JLYFB,1733529478.837427
0,1,img_12,kzRH7AHdx5/7046.wav,XAULS,1733529480.467476
0,0,img_12,dgBPGqxBbP/2261.wav,NQCCR,1733529480.467675
0,0,img_11,Ou0YRyv6RM/3900.wav,AJLZY,1733529480.4679801
0,0,img_02,EkORgzN3t7/6373.wav,LIUNM,1733529480.46819
0,1,img_02,5e5L9FmMLI/9359.wav,BADKX,1733529480.46859
0,1,img_01,owdaKMNSXk/5156.wav,HQBKB,1733529480.468777
0,0,img_10,p1JwFt3Fe0/6402.wav,QBIWZ,1733529480.4689221
0,0,img_01,CKbVBSKkhk/3522.wav,EQAFX,1733529480.469239
0,1,img_12,tKuDFb23wL/4741.wav,GKZLF,1733529480.469389
0,0,img_07,R6abzGiAve/6737.wav,PKNYD,1733529480.469614
0,0,img_07,REqU40kMRO/8416.wav,DUZJD,1733529480.837932
0,1,img_03,xVqo1vslnL/9430.wav,VADQN,1733529480.838079
0,1,img_01,67BkBRNJ8W/1425.wav,JNAGA,1733529480.8382201
0,1,img_01,GqnA3rkvZD/8380.wav,FPTRS,1733529480.838378
0,0,img_06,z6SamhmzhJ/7458.wav,TXJDW,1733529480.838613
0,1,img_12,UHDzrVmk1p/6190.wav,UPGWW,1733529480.838797
0,0,img_11,yN8D90mZKU/7718.wav,QKMNY,1733529480.838937
0,0,img_07,s2kTBHYgop/4687.wav,GJEGD,1733529480.839075
0,1,img_03,mH5YGF1pWd/2286.wav,TVBNM,1733529480.83921
0,0,img_02,dz1hE4Ifj4/3867.wav,WPHGF,1733529482.4754071
0,0,img_02,JfmSCWAaVp/7943.wav,JQDOO,1733529482.475647
0,1,img_06,Pwq5BgjqiL/3789.wav,UZOPE,1733529482.476032
0,1,img_08,MdX7YcaF4n/3745.wav,OPXTA,1733529482.47628
0,1,img_02,DiXMrOwywe/9723.wav,ZXTLB,1733529482.476728
0,0,img_08,hQpRprZrf9/7221.wav,TRWWC,1733529482.4769258
0,0,img_09,lJ8Hoy6in3/4777.wav,FMZCE,1733529482.8410099
0,1,img_01,1npahf36m3/2287.wav,XITNJ,1733529482.841164
0,0,img_01,2cqAD5aZcY/8160.wav,GMAJA,1733529482.84131
0,1,img_01,3AOJkQk84C/5526.wav,LZUGD,1733529482.8414521
0,1,img_12,7f66p4zQWy/9855.wav,CKXSG,1733529484.479996
0,0,img_08,uy3Ma388KY/3589.wav,FIPDT,1733529484.842284
0,1,img_11,1dAqJPIXpD/6172.wav,DMVJQ,1733529484.84245
0,0,img_12,MA9YtkOSIW/1434.wav,DTKNE,1733529484.842616
0,0,img_10,UuE1BUCZ5F/6772.wav,LDHVS,1733529484.842784
0,1,img_01,Musmh3LGuH/1282.wav,OSPGU,1733529486.481666
0,1,img_05,XsUi7gN9dF/5027.wav,GGYNZ,1733529486.481853
0,0,img_07,vn4JE5wvcX/8492.wav,IOFSV,1733529486.482214
0,0,img_10,0T7ITPqFnB/2735.wav,KUELS,1733529486.482487
0,0,img_03,yyu4q5vlZc/7038.wav,ZZAQP,1733529486.483047
0,1,img_01,sWDfyoEmse/6885.wav,UXFHZ,1733529486.8433542
0,0,img_10,29U7pWc3SC/8428.wav,AEHQJ,1733529486.843529
0,0,img_04,ueJLRQGkEH/9993.wav,SEDZM,1733529486.8436968
0,0,img_04,XBVyXNyQX9/1281.wav,WRHHO,1733529486.843881
0,0,img_07,dMxD7B5yv8/6215.wav,ERAJM,1733529486.844047
0,0,img_06,9G2DgaC026/7762.wav,IEPHE,1733529486.844222
0,1,img_08,BxUkUScUK8/4824.wav,YFFZB,1733529488.4885728
0,1,img_05,oJ4HDwwloR/3535.wav,MSPGS,1733529488.488914
0,1,img_10,6IjsFukhO5/3349.wav,EDVPW,1733529488.4890828
0,0,img_02,Pscd3BXctL/2352.wav,QXDON,1733529488.4893281
0,0,img_10,qL2jt5Vl73/5043.wav,QFJSX,1733529488.4897778
0,1,img_01,0lNAe2H0cW/2335.wav,NJGQH,1733529488.48999
0,0,img_10,HO2Tlr4T94/9194.wav,JBKVK,1733529488.490319
0,1,img_08,DEET4h6MFM/8309.wav,HLEIH,1733529488.490591
0,1,img_11,rJ1nADXVQb/4179.wav,VELPH,1733529488.8470862
0,0,img_01,9M7tGIZEO4/8660.wav,RYUTP,1733529488.847268
0,0,img_10,P2t1A5aaXE/6665.wav,QJMFP,1733529488.847445
0,1,img_12,wKXxs5IXYi/5615.wav,RPCAN,1733529488.847627
0,0,img_05,xqK0KMvAxe/3839.wav,ETYCH,1733529488.847797
0,0,img_08,yJaajaQrC5/4858.wav,AYLOY,1733529488.847981
0,0,img_04,khhKjlgGZc/4233.wav,LRZNP,1733529488.8481631
0,1,img_05,y3q5GwyUUm/6529.wav,JXRIX,1733529488.848377
0,1,img_04,TXgxVFYvKE/4491.wav,MSHOC,1733529490.491723
0,1,img_12,DJM8CytA0S/1697.wav,NFWTZ,1733529490.492
0,1,img_04,Tef1lOA37h/9312.wav,GIYKL,1733529490.492419
0,1,img_06,tiDPS4xrWZ/1924.wav,DLGUE,1733529490.492697
0,1,img_03,mJJOv2RhlR/7783.wav,IPZHM,1733529490.493131
0,1,img_03,vpIIFxAGXA/4892.wav,DPUGJ,1733529490.853044
0,1,img_12,J7OBLGsoyv/6147.wav,IPEUA,1733529492.4957309
0,0,img_12,bDdfgJXvpQ/1360.wav,SYNQS,1733529492.4959419
0,1,img_12,D3zPYFHkDz/9627.wav,WYZYC,1733529492.496303
0,1,img_06,or9pGJcoAB/9805.wav,XZEDM,1733529492.496572
0,1,img_01,Hh5uIrqayz/2841.wav,JGJZX,1733529492.497036
0,1,img_11,R41Ykyl7E1/3558.wav,COYIV,1733529492.4972649
0,0,img_06,bqcpoizRUi/9006.wav,WJKFN,1733529492.497638
0,0,img_08,77k5XCwLrn/1513.wav,QYUEG,1733529492.497907
0,0,img_12,TAU11lR3jv/1580.wav,JUWPW,1733529492.49838
0,0,img_11,2Ryr9xNhRn/3269.wav,LSXRK,1733529492.498592
0,0,img_05,6k217aF0E9/2610.wav,CMWTV,1733529492.854074
0,1,img_01,J6OqQvLkJH/5860.wav,EOBTQ,1733529492.854251
0,0,img_04,oXTxwG9mZH/1350.wav,RPOZT,1733529494.5042539
0,0,img_07,72QWcs6MYt/1218.wav,EKEQM,1733529494.504523
0,1,img_11,mvMGKyb9Bf/3675.wav,UZZHU,1733529494.504997
0,0,img_11,4LrXT3okRm/2407.wav,NJPKB,1733529494.5052311
0,0,img_10,2P9aONUgq6/5570.wav,QYVBA,1733529494.505588
0,1,img_07,fWRXfonhAs/2617.wav,WEBJQ,1733529494.50585
0,0,img_08,gIkctFKdZ9/6622.wav,FQYHK,1733529494.857444
0,1,img_06,W3YbaslXDN/3043.wav,ERRJG,1733529494.857627
0,1,img_10,9EnOEalcze/8221.wav,WPWMA,1733529494.857806
0,1,img_06,UvszqX2mZm/5461.wav,DGLXT,1733529494.858049
0,1,img_03,Q9rnlwahzl/2943.wav,OXXSI,1733529494.8582551
0,0,img_01,PJ96qEe2IZ/2141.wav,YSSPG,1733529496.511283
0,1,img_01,LdEBsIgUxL/5664.wav,MBEBR,1733529496.511528
0,0,img_02,NSSVR3Er94/6455.wav,IHEAL,1733529496.511926
0,0,img_08,JcgZkSCO5x/3039.wav,VQZWH,1733529496.512206
0,1,img_11,kWkHhqQNql/2474.wav,PDJIG,1733529496.512675
0,1,img_04,CExUBfJKNw/4444.wav,UFTLC,1733529496.512904
0,1,img_12,mPWLjzJYoq/5752.wav,SVASV,1733529496.5133052
0,0,img_07,FXSm5r6KUT/8143.wav,YIRUK,1733529496.513504
0,0,img_04,BZAdQnEn4P/3937.wav,WAFYI,1733529496.862072
0,0,img_06,NHH45eCRXt/9267.wav,HYSRQ,1733529496.862261
0,0,img_10,hzCeDoW8xa/5591.wav,LYUVR,1733529496.8624482
0,1,img_08,8l9HKZUUfz/7774.wav,MJPRK,1733529496.862654
0,0,img_05,Iq1ErXr9eo/3166.wav,MFESA,1733529496.862838
0,0,img_03,vYUgmxB6vB/4718.wav,BMIMH,1733529496.86302
0,0,img_06,CsFYSZ9ScI/4028.wav,DYUVS,1733529498.5193532
0,0,img_12,uSMcyetFKg/2116.wav,JWGUM,1733529498.519595
0,1,img_04,uuCi1kYRPq/8439.wav,JESWT,1733529498.519796
0,0,img_11,amCYVVTnCx/4391.wav,NBUOH,1733529498.865403
0,1,img_03,Vsv0anPjNl/1798.wav,LUREO,1733529498.8656168
0,1,img_11,m38WBHiyvF/4452.wav,GDDDD,1733529498.8658402
0,1,img_11,N3temkkVl5/1898.wav,BHDAI,1733529498.8660538
0,1,img_11,l0Zl1ySWbu/8928.wav,EJUSJ,1733529498.866262
0,1,img_01,DY0RF1UMDG/9402.wav,GNMUD,1733529498.8664682
0,1,img_05,S77IYqUPqA/9482.wav,PGHCC,1733529500.522439
0,0,img_07,3vvsXAu8WR/1971.wav,BVWBV,1733529500.522697
0,0,img_02,vDihrwpSOe/7754.wav,UDXMZ,1733529500.5231419
0,0,img_11,QViqJNm7lB/9582.wav,DQKYH,1733529500.523465
0,1,img_02,Wgyff9jnuw/5982.wav,SRQLD,1733529500.523894
0,1,img_06,5ldnBePRjD/8472.wav,YCBJA,1733529500.867445
0,1,img_05,zkSiX9xb1c/9048.wav,FRMJJ,1733529500.8676789
0,1,img_04,NovWIefbgL/3101.wav,YVXXY,1733529500.867908
0,1,img_04,TXep4fKmP3/2925.wav,CITHW,1733529502.529545
0,1,img_07,ZHX6MuHX69/1992.wav,AJTUJ,1733529502.5298
0,0,img_03,YbQSzHL2iG/4158.wav,SVYHF,1733529502.5301702
0,1,img_12,6xD0UHVOxQ/6846.wav,TTAVO,1733529502.530457
0,0,img_09,WifzBTeutQ/4760.wav,PISHS,1733529502.530992
0,0,img_11,qyu8YQLqsz/3252.wav,BOKQC,1733529502.531254
0,0,img_10,HcarTVwuCw/6768.wav,BGRIN,1733529502.5316532
0,0,img_04,NRl3G3sHqm/3258.wav,ALBLO,1733529502.531938
0,0,img_04,ZPEw1Veg7U/8883.wav,UZZFP,1733529502.873352
0,0,img_10,Xp6tjwWX4o/7764.wav,DRLNG,1733529502.8736
0,1,img_01,x4Hzm87kHg/3026.wav,BNQDV,1733529502.873823
0,1,img_06,zT4jC5wHqC/9490.wav,GKMKF,1733529504.5357661
0,0,img_11,O4ZQbHdh6j/3725.wav,AHVLH,1733529504.536075
0,1,img_07,7gaV6g6v3u/5081.wav,XVKOX,1733529504.876195
0,1,img_10,x3LY4ZHW4S/9297.wav,LYNWU,1733529504.876405
0,0,img_05,RjbWqFnTAe/3465.wav,VFWQT,1733529504.876622
0,1,img_02,hoKGeoYGr1/7993.wav,QJPBS,1733529504.8768241
0,0,img_04,ZhrlSlpBLl/8710.wav,AASVX,1733529504.8770208
0,1,img_12,y2fi69lYeC/7403.wav,YBASR,1733529504.877223
0,0,img_11,RhUaEEVU7m/1982.wav,DXCYA,1733529504.877433
0,0,img_03,FQOJLuq7kU/9255.wav,YTWGR,1733529504.877635
0,1,img_01,tTHyz9OFTB/4474.wav,XZIJB,1733529504.877829
0,1,img_02,mesDUIF85c/5538.wav,QFVIQ,1733529506.539468
0,1,img_03,Ff70yVD9zx/4504.wav,UVVZG,1733529506.539732
0,0,img_05,juzdfAPqTK/8826.wav,IAWVW,1733529506.5401301
0,0,img_01,iD1IHDwSm5/7789.wav,ZLYAM,1733529506.540426
0,1,img_12,OOXfFMKEss/7212.wav,JEWFG,1733529506.540997
0,1,img_07,UOrxoKds6t/2351.wav,TJERD,1733529506.541266
0,0,img_02,HD5fKbqCqV/1459.wav,BMAHS,1733529506.541673
0,0,img_12,iM0QHQyx4O/3736.wav,VGRWS,1733529506.541898
0,0,img_10,D7knvuhKUq/9586.wav,TCDWZ,1733529506.542218
0,1,img_01,2VxVnypUfo/1088.wav,YOTRB,1733529506.542654
0,1,img_04,ZoXOYn8YAB/7827.wav,QALGP,1733529506.878558
0,0,img_12,4qO9nBoMJx/5441.wav,QMYXG,1733529506.87878
0,1,img_05,1fcohFczGt/4215.wav,HFAKM,1733529506.879051
0,0,img_11,SqhwnyfH9Z/3844.wav,HSHWV,1733529508.5452611
0,0,img_07,PTphT1I6zj/4775.wav,ROSQE,1733529508.545534
0,1,img_03,uIuPjTMZ7m/1414.wav,NHWSG,1733529508.5459268
0,1,img_05,JsBgOTJdop/2143.wav,YTIRZ,1733529508.54627
0,0,img_12,0F4KJbnbzx/9668.wav,KXEZZ,1733529508.87977
0,0,img_10,LxPsJqfPFK/6522.wav,PGWHJ,1733529508.8800142
0,0,img_07,91S35guyt9/1669.wav,HZURK,1733529508.880262
0,1,img_10,mjTrJn9hdP/1086.wav,GIODF,1733529510.547515
0,1,img_01,ZHYNhI1U0P/6438.wav,VJWLL,1733529510.5477881
0,1,img_05,NFiZmbGpLY/5325.wav,GIFBF,1733529510.5482082
0,1,img_10,SFcnVYjQdP/3407.wav,GKJDQ,1733529510.548532
0,1,img_06,BvThSHG1EY/2070.wav,BXIWR,1733529510.549131
0,0,img_12,mp8SUD3tUy/9652.wav,MKWKO,1733529510.549579
0,0,img_10,CJOfKtXDGQ/3411.wav,HTVNR,1733529510.549807
0,0,img_08,4rC8FuaEgH/4751.wav,KPDQE,1733529510.550115
0,1,img_06,5txeXRUrtH/4457.wav,GVSEM,1733529510.8857532
0,1,img_07,dXPQccE95Z/2540.wav,SEPSR,1733529510.8860369
0,1,img_10,uo7lODkREK/1323.wav,BKYWW,1733529510.886355
0,1,img_04,b4IGHBQaUX/9301.wav,BWDHI,1733529510.8865979
0,0,img_09,vm16ESU7my/1360.wav,AAZFX,1733529510.8868349
0,0,img_08,sY8Zdc2ePB/7534.wav,JOVWL,1733529510.887079
0,0,img_03,YmRUslChlp/5794.wav,DEPUY,1733529512.555561
0,1,img_02,SPmXdFFrJE/1522.wav,HZUIE,1733529512.555894
0,0,img_05,pdB02GpSCG/5580.wav,FSHWI,1733529512.556465
0,1,img_12,3mQ3FT6o7j/7875.wav,CMMHE,1733529512.5567338
0,0,img_07,SrnlVJ98Eg/6448.wav,LNFVU,1733529512.887928
0,1,img_08,tiA4r15Qm1/9919.wav,BNNWI,1733529512.888159
0,1,img_03,e8IDyyuPle/4707.wav,AMEBI,1733529512.888386
0,1,img_08,DFZyEDTk8Y/2745.wav,SYGCN,1733529512.888627
0,0,img_05,8xCGc9MVWc/5618.wav,LUWXO,1733529514.559219
0,1,img_07,GFEgt6b5C8/1171.wav,MRDPW,1733529514.559476
0,0,img_07,plDe3no7Ky/4215.wav,HCSVQ,1733529514.559888
0,1,img_06,GTC4CjyN99/6198.wav,OGVJA,1733529514.560252
0,0,img_01,k12EAaIKuP/8983.wav,YHEBW,1733529514.5608268
0,0,img_03,SIEcVkWnWZ/8441.wav,MMRDL,1733529514.5611641
0,1,img_09,wCxr59UlEC/5898.wav,JKGMT,1733529514.561651
0,0,img_11,hFtRXLSzxs/7382.wav,EVAPN,1733529514.562016
0,0,img_05,rjFTaCzARP/8910.wav,JFMQF,1733529514.562498
0,1,img_03,lcJJ52tIen/7045.wav,CMSHB,1733529514.5628421
0,0,img_02,EtRNNfWoiO/9125.wav,BTQPO,1733529514.8898492
0,1,img_04,3K9knhfujh/1512.wav,MINUD,1733529514.890089
0,1,img_02,kD8SJtsEMy/7426.wav,PVZCM,1733529514.890344
0,0,img_11,udaFSOkHVK/1806.wav,VKTZH,1733529514.8905768
0,1,img_06,gxItUmMel9/2322.wav,RFERI,1733529514.8908072
0,1,img_09,n8AJwzJDNj/9780.wav,BDGJM,1733529514.891038
0,0,img_03,wUckSSw492/8833.wav,ERJCF,1733529514.891288
0,1,img_11,885sWM2B7j/2677.wav,NITRH,1733529514.891516
0,0,img_12,fBQQRAIor6/5611.wav,EKAJS,1733529514.891756
0,0,img_04,0kZtdldU08/2755.wav,QUVWD,1733529514.892001
0,1,img_12,NFOGVe9qwr/4733.wav,UIWMM,1733529516.5644429
0,1,img_01,Jq5ANaffon/8752.wav,RMXJS,1733529516.565564
0,0,img_09,XkRvDj0eab/2130.wav,YYZEN,1733529516.56587
0,1,img_06,WRD4GWchR7/9443.wav,YBMCK,1733529516.566582
0,1,img_09,CsQOfOGy78/7012.wav,EVDAU,1733529516.567775
0,0,img_11,UYXHX9msR8/8537.wav,YOTWI,1733529516.568545
0,0,img_09,gT4guKTEz6/1882.wav,FNBNK,1733529516.569477
0,1,img_01,CywVnxo7jn/8153.wav,JDNUN,1733529516.897435
0,0,img_07,6PGh0180NO/5530.wav,YNPUN,1733529516.8976908
0,1,img_11,WXdzE4zAOK/9208.wav,QQEPX,1733529516.8979468
0,0,img_12,Z2O5Ue3doG/9157.wav,CBLVN,1733529516.8981981
0,0,img_01,SBL2ipgmBq/9718.wav,OPLTJ,1733529516.898435
0,1,img_03,bllBXznumH/9946.wav,HCUEU,1733529516.898674
0,0,img_06,PtCNhsTIHY/9871.wav,OJUBY,1733529516.898952
0,0,img_07,VepSniHuY3/1912.wav,YWDZA,1733529516.8991969
0,1,img_11,1zlBglbsOm/4242.wav,SAGPV,1733529516.899439
0,1,img_01,ANjmshnvpz/7959.wav,IXTXU,1733529518.5712209
0,1,img_12,sDtbbtdq3M/2159.wav,XVDWI,1733529518.571569
0,1,img_07,kd42BsePw7/3786.wav,XXOTT,1733529518.572181
0,1,img_11,gZGdEulynJ/6140.wav,ERNZE,1733529518.572482
0,1,img_06,lJZp7URLMt/1805.wav,QEWLT,1733529518.5729642
0,1,img_08,swhefVbtZr/2611.wav,WOSAE,1733529518.900279
0,1,img_09,yZkdGauazT/4645.wav,JUFTS,1733529518.900583
0,1,img_04,GmKnEq2pLC/8333.wav,ZOJOV,1733529518.900853
0,1,img_11,FdpbkVquaG/3342.wav,UIGRY,1733529518.901126
0,1,img_01,FipK5hXMar/9644.wav,YAFQR,1733529518.901417
0,1,img_07,g02thwzSwF/8479.wav,BWZYC,1733529518.901703
0,0,img_12,gJEpN8LDf8/5188.wav,QVWZR,1733529518.9020438
0,0,img_05,VEUZz9TBMF/6155.wav,JNGLC,1733529518.9023502
0,1,img_02,KKiGhzU5hG/9626.wav,DUWKH,1733529518.9026282
0,0,img_04,L0lBz79hYn/5645.wav,IVYDQ,1733529518.9029021
0,1,img_12,C5ju2ufcIX/7839.wav,PAGAV,1733529520.574744
0,1,img_12,e6dZxALBE2/6817.wav,JYERQ,1733529520.908353
0,0,img_06,MzJ7VZ5BNQ/6023.wav,JSXDO,1733529520.908618
0,1,img_09,XC2OqCiNym/3058.wav,MTQGZ,1733529520.908872
0,1,img_03,7ToZruc2yW/8106.wav,CSZDF,1733529520.909128
0,0,img_09,RxYD7YvLLj/7041.wav,EPUDI,1733529520.9094012
0,0,img_05,VoLVksiPDO/1498.wav,UASYC,1733529520.909654
0,0,img_12,3jwCpWXoYk/5927.wav,LPVJJ,1733529520.9099038
0,1,img_11,TFUDCMuDO2/7818.wav,OIOHF,1733529520.9101849
0,0,img_04,HTRPDO5WJd/9229.wav,FFTBO,1733529520.91046
0,0,img_08,RIBUMMOwk1/5840.wav,PBKVM,1733529522.578758
0,1,img_09,6NzseAJDw0/4554.wav,QYATO,1733529522.579059
0,0,img_08,NLJ0WJfILd/6711.wav,WZGHX,1733529522.915974
0,0,img_10,18zWNFn7rp/4327.wav,NCUIZ,1733529522.9162948
0,1,img_07,BcEGirdJ4t/7651.wav,KFCNM,1733529522.9166
0,1,img_05,fPoyNAqPCy/9346.wav,OZIQB,1733529522.916978
0,1,img_09,C2JeAYGbwk/3143.wav,KFTMQ,1733529524.583777
0,1,img_03,usgrwh9L2n/7687.wav,PISLW,1733529524.5841768
0,0,img_12,fQeMvpLgsK/6527.wav,MIFPK,1733529524.584457
0,1,img_03,2EK1UPvchR/1373.wav,JUHAM,1733529524.584966
0,1,img_09,7khBzGSiMf/8579.wav,JQCNV,1733529524.5853498
0,0,img_12,0Za0Y6sDGx/2933.wav,MXENS,1733529524.585929
0,1,img_11,3xc33QbJKj/4688.wav,TVXUF,1733529524.586313
0,1,img_10,QKU4qHTTZh/3833.wav,TAYIY,1733529524.58659
0,1,img_04,2QCLlAT7DB/3163.wav,WKZNH,1733529524.5868669
0,0,img_11,VBQGfFZSmi/2471.wav,ZZPET,1733529524.918167
0,1,img_07,XBq2hnmgMN/6703.wav,KAMWU,1733529524.918443
0,0,img_09,f8ZsaCUxQC/4241.wav,VLXVF,1733529524.918724
0,0,img_04,qJzdrxu0pl/1613.wav,JZAXH,1733529524.918989
0,0,img_02,PguHK9IVjf/6054.wav,THGAP,1733529524.919254
0,1,img_02,G0q4S1uQeG/2565.wav,IJQIH,1733529524.9195552
0,0,img_02,CSfBI3166O/5848.wav,WYRAB,1733529524.919837
0,1,img_09,ZUjnoeYxq5/7286.wav,CRKZD,1733529524.9201212
0,1,img_10,E56CCiALal/3124.wav,PCJUM,1733529524.920419
0,0,img_12,fdkmXQ8H3e/1095.wav,QSEZW,1733529526.588004
0,0,img_12,1IwVEIBtha/1707.wav,HTYQG,1733529526.588372
0,0,img_08,CvItI6gS6I/5578.wav,PXXWV,1733529526.588664
0,1,img_01,CCVEUlgvNn/1718.wav,AEMUD,1733529526.9252229
0,0,img_11,720tkOrjt0/3007.wav,NSVHY,1733529526.925505
0,0,img_12,vMpqZEZHK4/2342.wav,OSOUV,1733529528.594423
0,1,img_03,rIRTNzK7IK/5125.wav,RDNKN,1733529528.594817
0,1,img_06,0W6THPqBhZ/4736.wav,YLOEG,1733529528.595516
0,0,img_07,jjnAzKb8su/4907.wav,EMNHW,1733557422.017462
0,1,img_02,A6WVi0kCy5/7189.wav,UTMOP,1733557422.452097
0,1,img_05,HpIr7jmV2d/3902.wav,JJGDH,1733557422.4525812
0,0,img_06,jf2rn4mcMN/8032.wav,KMHGH,1733557422.453438
0,0,img_08,2NLpZgw3lh/5335.wav,AGNCP,1733557422.453986
0,1,img_01,veAjNoCS9D/9068.wav,SJLSE,1733557422.454863
0,1,img_05,m29KzQqgXl/1673.wav,IDHZC,1733557422.4554272
0,1,img_07,NlCcDgk2zp/9272.wav,UXNID,1733557422.455952
0,0,img_06,zsokDZghfS/8677.wav,VZAHH,1733557424.02017
0,0,img_07,WqkjFCNyVF/5025.wav,FFEIG,1733557424.020554
0,1,img_09,hIfXFeDAvG/3469.wav,SCYTJ,1733557504.851289
0,1,img_05,y4652ZkZuW/8972.wav,ZZDTF,1733557504.851632
0,0,img_08,xs64TpLk1E/5291.wav,ZLOZJ,1733557504.8523169
0,0,img_04,dPBQB24bA1/6942.wav,CSEMZ,1733557504.853003
0,0,img_06,kS5Gm7Ocq3/1131.wav,WXJWW,1733557504.853566
0,1,img_04,DDZxHILli0/1834.wav,BTEEM,1733557504.8539069
0,1,img_06,c1ysktrEMl/3391.wav,JLEYA,1733557504.854218
0,1,img_11,l6ELAIEuui/5177.wav,ULYJS,1733557505.219871
0,1,img_12,QcvebWfLRP/1791.wav,IKIJY,1733557505.220698
0,0,img_12,SU92RXFUoj/4776.wav,GAVAM,1733557506.856012
0,0,img_06,x9JgCFokWc/4489.wav,ZMEJU,1733557506.856452
0,1,img_06,0VBcoLJK9y/2860.wav,IBEUH,1733557506.8571908
0,1,img_08,MxJwHUPrO4/1203.wav,VKPFM,1733557506.857544
0,1,img_01,hYwz4fiyL9/6707.wav,XDATL,1733558454.169388
0,0,img_01,kMcHaWgS3x/9333.wav,GKYAP,1733558454.169812
0,0,img_09,cSJDloJm1v/3962.wav,UXSRP,1733558454.170413
0,0,img_01,BFLJlPgzkf/7628.wav,ETOHX,1733558454.170751
0,1,img_03,IjMq1rEu5Y/4449.wav,UDIMT,1733558454.558536
0,1,img_06,BgNu57txlU/1239.wav,OOENG,1733558454.559096
0,1,img_01,vr89jduylo/2037.wav,GSCJV,1733558454.559834
0,0,img_04,zolXLPl719/1050.wav,JLAGD,1733558454.560319
0,0,img_03,KFF9X7p6fI/9751.wav,OZZIB,1733558454.561353
0,0,img_04,iK5EpKjbHn/5239.wav,DOQHO,1733558454.5617878
0,0,img_02,IFr1dzTiMZ/2936.wav,ZKSPR,1733558454.562144
0,1,img_09,rrgPqTeZgP/6623.wav,JRZQM,1733558454.56263
0,0,img_07,8qny0Jq8mh/1044.wav,EFDIB,1733558454.5632489
0,1,img_08,IPrBKzriLr/6177.wav,KFNVA,1733558456.173832
0,0,img_04,cWxHK58D5V/9935.wav,SPIBV,1733558456.174622
0,0,img_02,JAC2pd7wb5/2655.wav,INLOV,1733558456.175052
0,1,img_12,M3QuI3ZFFX/7534.wav,FOXFS,1733558456.175717
0,0,img_06,EtcBFQHjnW/6424.wav,LQMPG,1733558456.5664399
0,0,img_05,WF0PDtEGZS/5740.wav,GAKSD,1733558456.566786
0,1,img_12,ogsISnrjsw/8534.wav,JQAIN,1733558456.567153
0,0,img_06,m1hyeq6lkT/4033.wav,BZTTO,1733558456.567488
0,0,img_04,DoUyUbApJm/3273.wav,XVJNP,1733558458.181901
0,1,img_10,Wh4rmdcxl9/7748.wav,CQJSM,1733558458.1822999
0,1,img_10,NK0Dcnkglm/5996.wav,IPRAY,1733558458.1830149
0,1,img_09,ZWqaNwBbLT/1879.wav,JAENI,1733558458.183365
0,0,img_09,RkKPxlT3KR/7186.wav,GZDSD,1733558458.183875
0,0,img_06,8Pg27eP501/1914.wav,GHCXG,1733558458.184315
0,0,img_12,C8Z0ZWxLre/2008.wav,FJOED,1733558458.573022
0,0,img_07,qndy2SPni3/5535.wav,MMMFP,1733558458.573347
0,0,img_05,L9fnXT6RzC/4236.wav,VZYSV,1733558458.573649
0,0,img_07,IVBpiHTOBc/5151.wav,LBQJY,1733558458.573963
0,1,img_04,5EtAkxRLqn/8902.wav,QIZSI,1733558458.574316
0,0,img_02,UMiikYkN7S/9076.wav,ZQUDL,1733558458.574615
0,1,img_05,3wSCEGssJ3/8054.wav,JHYKD,1733558458.5749388
0,1,img_03,JQ4zNDjmkB/1690.wav,KMCAF,1733558458.575249
0,0,img_08,5ZPjbYOpii/4670.wav,PAXZE,1733558458.575561
0,1,img_10,clBAA5RyZf/9631.wav,EAMJA,1733558458.575874
0,1,img_12,eVgABLKwGN/2574.wav,DHMOV,1733558460.190179
0,0,img_11,999wDLA9o6/2234.wav,XYXBL,1733558460.190579
0,1,img_03,sGT0wRChsR/8580.wav,RAQCA,1733558460.578041
0,1,img_11,Sy2JLwIbhg/5516.wav,GGJKA,1733558460.578363
0,1,img_04,w1H45JAtGj/4450.wav,CXTQX,1733558460.578893
0,1,img_09,x2UkE1ROmZ/5208.wav,HDFYB,1733558460.579268
0,0,img_06,KE1LCENvNe/3596.wav,AVZVT,1733558460.5796301
0,0,img_09,sfuS3iieZ3/6313.wav,DBINU,1733558460.579979
0,0,img_01,WyLI0MabNK/8728.wav,LNWWL,1733558460.580323
0,1,img_06,IhefNIaHZ0/6511.wav,JXYPK,1733558460.5806599
0,1,img_09,RtgYXWZOL7/3920.wav,TDPOW,1733558462.1919858
0,0,img_05,KP3nDpMs8d/9575.wav,XBQWY,1733558462.1929889
0,1,img_12,og7T4chHxb/2834.wav,XRWHE,1733558462.1935208
0,1,img_09,0fzNN8rxgS/2733.wav,SJOST,1733558462.193978
0,1,img_04,6icnQqXCkp/8674.wav,SDERZ,1733558462.1945941
0,1,img_12,rTPf4Tycvq/1810.wav,FTYYA,1733558462.195018
0,0,img_06,zXNKeyHnH2/3911.wav,KIUTG,1733558462.195814
0,1,img_12,JDD8xec97f/4232.wav,LGIHM,1733558462.591635
0,1,img_07,dUU1BoKsih/6295.wav,DEGOF,1733558462.5921228
0,0,img_01,PH8rmPRrK5/3155.wav,KLDOZ,1733558462.592511
0,1,img_03,Fcl987Pl2d/5747.wav,SADOM,1733558462.592884
0,1,img_10,G0n2EFOs7n/4376.wav,KHBTH,1733558462.593361
0,0,img_12,girFSdhEvL/7485.wav,XLZUH,1733558462.593757
0,1,img_01,deT5HIrlcX/5185.wav,PDVDM,1733558462.594164
0,0,img_12,TmhZan03wT/2588.wav,YJBDZ,1733558464.201042
0,1,img_07,ZOX5Wa9oAc/6492.wav,LOMKL,1733558464.20156
0,0,img_09,a2RN028JBa/5168.wav,IGZDP,1733558464.2019331
0,1,img_04,eGTb2mLqvW/5402.wav,HYZHV,1733558464.202423
0,0,img_03,5P33HNiN1O/9426.wav,UMVMT,1733558464.203097
0,1,img_09,meip6z54mB/2120.wav,NBZPQ,1733558464.6001039
0,0,img_09,bfjKP90X0w/2285.wav,FUNFT,1733558466.204767
0,0,img_11,4ncG7E9XKF/4561.wav,XJDNM,1733558466.205164
0,0,img_07,3Ri94L0Btk/8046.wav,JUNJX,1733558466.205672
0,1,img_03,4BPYiHTWwQ/1991.wav,JAPPZ,1733558466.206089
0,0,img_02,mxFoqBdW25/1621.wav,RWAGW,1733558466.206857
0,1,img_03,DPRW3CDuaY/5530.wav,OAJFN,1733558466.207248
0,1,img_06,s1GFxNPVkq/3786.wav,KJLOP,1733558466.207753
0,1,img_08,2adlbSmBIj/6752.wav,OGAZO,1733558466.2081769
0,1,img_01,h2iFyOmpel/7166.wav,BAWNX,1733558466.6012
0,0,img_09,WEhjZEwyhZ/5364.wav,HQZQX,1733558466.601595
0,1,img_05,urBkg340M0/3849.wav,MUDJK,1733558466.60193
0,1,img_11,Rb5Uof0Wrf/7627.wav,YFEBT,1733558466.602271
0,1,img_04,XzAUflfJvd/4905.wav,JCMMU,1733558466.602615
0,1,img_09,KFNtArw7Rr/7333.wav,NICEH,1733558466.602981
0,1,img_10,wzaZC43fwK/1013.wav,TGRHS,1733558468.214208
0,1,img_01,GfDES1gswG/9532.wav,CPXET,1733558468.215012
0,1,img_03,rgLJ8xb3rq/8250.wav,LEODS,1733558468.2154071
0,1,img_10,do1SUTGeI8/7946.wav,CZNIB,1733558468.606715
0,1,img_05,GonamyfgDv/4310.wav,NCIHH,1733558468.6070678
0,1,img_12,Mk94ijtpAb/5687.wav,HVXGM,1733558468.6074162
0,0,img_11,QyHtZLjTxw/5499.wav,BBTRT,1733558468.607758
0,0,img_09,AAGG5T65MS/6919.wav,DCTXY,1733558468.608243
0,1,img_06,2y1qx8Q0Lf/7000.wav,CAIZW,1733558468.608684
0,1,img_02,mhb7L0Llhf/4235.wav,RGSGU,1733558468.609073
0,1,img_09,qrM5BMV3qS/6616.wav,GBVEZ,1733558468.609456
0,0,img_04,f1VbKslVQT/9301.wav,UQSML,1733558468.609819
0,1,img_01,huMxjQiVU5/7413.wav,QRJAX,1733558470.217014
0,0,img_01,gg1ve1c7Jw/7643.wav,AVMEF,1733558470.217463
0,1,img_11,oe0xtqFu2E/7741.wav,NVMML,1733558470.2181818
0,0,img_12,44CpDLuQcj/2509.wav,TFJIL,1733558470.2187352
0,0,img_07,SfZLWDCVSg/7621.wav,XVSAC,1733558470.219433
0,1,img_05,UTKklti2jY/3482.wav,HDBAF,1733558470.21991
0,1,img_02,AI9NZYXYXT/3678.wav,EBNDW,1733558470.612536
0,0,img_10,ggFAxA3jAx/2784.wav,ANADP,1733558470.612884
0,0,img_08,ThltAjMWIr/2058.wav,AOMWU,1733558470.613315
0,1,img_12,UtBgCCBqzJ/2613.wav,RISYS,1733558470.613677
0,1,img_03,BEldcD2reV/7055.wav,NTQDL,1733558470.614047
0,0,img_05,hgsuLpSnpg/3697.wav,LWLEO,1733558470.614389
0,1,img_12,q6szcrQ1Rt/8470.wav,NTDAF,1733558470.614746
0,0,img_07,A1bICAp3PH/9498.wav,THXHT,1733558470.6151118
0,1,img_11,uEhb2XDuAA/6808.wav,AXRXR,1733558470.615453
0,1,img_07,uhILQJqkjW/3607.wav,VWQAW,1733558470.615819
0,1,img_12,pLwRt3ELeb/6603.wav,PUMAX,1733558472.221708
0,1,img_05,5ZAGSjRNJX/5487.wav,JQKLA,1733558472.222205
0,0,img_06,VkzYrzP6oZ/7029.wav,QJVKQ,1733558472.222794
0,1,img_03,XsULdKg891/1168.wav,OOCDF,1733558472.223341
0,1,img_09,UVWrcQnaEX/6304.wav,RKCSP,1733558472.224133
0,1,img_12,DSGtYChqxg/6730.wav,SGWPX,1733558472.2245262
0,1,img_07,XyIW4CR25k/1887.wav,QTZOS,1733558472.224881
0,0,img_04,93aZHNFukG/8106.wav,KVDFC,1733558472.616595
0,1,img_09,HFVpXrvlLQ/4724.wav,PLHDC,1733558472.616964
0,0,img_08,PNsZXM5eiY/9164.wav,PGQLA,1733558472.6173198
0,1,img_12,ZAQ4lx3fd0/9942.wav,VLEGQ,1733558472.617671
0,0,img_01,ZQXXnhxaIT/1643.wav,BELSK,1733558472.618027
0,0,img_08,JOm3A0zOxD/9718.wav,DMBLK,1733558474.229963
0,0,img_10,fcz6ScjFdB/4396.wav,CYJXW,1733558474.230573
0,1,img_04,ApoZ45oFfM/7342.wav,OIKXD,1733558474.231334
0,1,img_11,ft1McmXz2T/2500.wav,MJVEN,1733558474.2318459
0,0,img_12,td9Wv9w9yC/8023.wav,KVVWK,1733558474.232235
0,0,img_09,jdeYp8PyOf/4137.wav,BJFWB,1733558474.232815
0,1,img_08,MJwKTdReAF/3620.wav,UDJGH,1733558474.233265
0,1,img_07,saL5R7EVyh/4562.wav,NYVAT,1733558474.2340748
0,1,img_06,WHVJdqrMgg/4316.wav,CHDRW,1733558474.6222908
0,1,img_06,49mOY88q3V/6468.wav,GSVMF,1733558474.6226718
0,1,img_04,V6phyY2OD8/4008.wav,NDBIW,1733558474.6230478
0,0,img_12,BA3h5UaHa9/4495.wav,LZKGF,1733558474.623405
0,0,img_12,eIfyjfxYOa/5892.wav,GEIWZ,1733558474.6237938
0,1,img_04,iaEYkMDFue/5988.wav,YZGHF,1733558474.624148
0,0,img_09,Ji0ek9E4Co/1446.wav,PKMCY,1733558474.6245198
0,0,img_02,Mhnm3WCE84/1800.wav,PIYKP,1733558476.238621
0,0,img_05,MGoiVyLXwD/5270.wav,WVNFU,1733558476.239118
0,0,img_11,YrUBCsQQFZ/7239.wav,IDZCH,1733558476.2403
0,0,img_12,pXT74Tlamh/6581.wav,PSKOO,1733558476.240921
0,1,img_09,k9fr5iDuKn/9918.wav,MOXVU,1733558476.241743
0,0,img_02,aFA73wovZv/6680.wav,KNOEP,1733558476.242337
0,1,img_11,r6XIEQzwSq/2261.wav,YDAEC,1733558476.2427719
0,1,img_06,hi9tzsTzxJ/5792.wav,XDIKR,1733558476.243263
0,0,img_11,VoitfcCZLY/2565.wav,JKUPU,1733558476.24393
0,0,img_06,TqYOnzXwzy/1629.wav,IORQO,1733558476.626459
0,0,img_07,BAPd9490ox/4924.wav,AVEPZ,1733558476.6268852
0,1,img_04,Xa7vDJ9jou/2471.wav,HARPU,1733558476.6273448
0,0,img_03,ZjRgP2mk10/6386.wav,KIBPZ,1733558476.62775
0,0,img_06,Sjp6Wgfq1i/3592.wav,UPFDH,1733558476.628161
0,1,img_08,GCfPKsWLdE/6513.wav,FJLAW,1733558476.628576
0,1,img_02,tgTbCXcab7/6931.wav,CGZIR,1733558476.629036
0,1,img_12,u9rJnIO8l2/3695.wav,KCNYK,1733558478.247694
0,0,img_10,elhsZilSHi/9527.wav,SIAXW,1733558478.24818
0,1,img_11,hNbeRMwEmK/5138.wav,HGWNY,1733558478.248847
0,1,img_10,sMIuLoTT9T/2552.wav,CNMLK,1733558478.249693
0,1,img_02,hwaMJN4etC/1775.wav,RDKDR,1733558478.2502232
0,0,img_05,3klNOMWKvJ/4135.wav,MEARM,1733558478.250679
0,0,img_08,NixHUZdlHI/7611.wav,LSBLC,1733558478.251343
0,0,img_09,A9dayqj10D/2367.wav,JTORA,1733558478.6346738
0,1,img_02,NIOTjUrHq0/8086.wav,JNAMX,1733558478.635082
0,0,img_12,QJKmax0esW/4258.wav,KWKAQ,1733558480.2553458
0,0,img_10,TUfvueo9wJ/8271.wav,TBTNN,1733558480.2558348
0,0,img_04,ez7R1JHaLO/2271.wav,TOUGC,1733558480.256435
0,1,img_06,WdIXE1Lvwu/7383.wav,JKPNP,1733558480.257788
0,0,img_11,lJ8SPp524i/9293.wav,RXPEC,1733558480.258677
0,1,img_06,QcIEPVZ1EA/4219.wav,NAAHH,1733558480.259427
0,0,img_05,Ahgcas4POP/6799.wav,TNAYF,1733558480.26002
0,1,img_01,OWodNZZvmf/5551.wav,NFBNR,1733558480.637035
0,1,img_04,aGSgDu0e6k/5626.wav,WGPAB,1733558480.637454
0,0,img_02,Lv1knohwhh/6924.wav,EVRRP,1733558480.637874
0,1,img_11,ZfO5vM9igi/2579.wav,BYJEM,1733558480.638274
0,0,img_07,yvaSK8NeoH/3302.wav,PZXHY,1733558482.261895
0,0,img_12,PQFy9RdLJG/1538.wav,TCBFP,1733558482.6424682
0,1,img_11,xhTALaYFXZ/3558.wav,JOSBZ,1733558482.642903
0,1,img_11,xfOrYZG2x2/6919.wav,ONYAR,1733558482.643329
0,0,img_04,Vz7Kh0aWfK/4557.wav,XEUBU,1733558482.643738
0,0,img_07,whgdSly5hk/4580.wav,YFHEJ,1733558482.644153
0,0,img_11,d8vORz2AKv/6938.wav,ELSGR,1733558482.644564
0,1,img_11,TY5K3pm40n/8998.wav,CNOIT,1733558482.644973
0,1,img_05,p7gtfQ395N/6252.wav,ARYJF,1733558482.645378
0,0,img_10,OS71UCslFB/5974.wav,BRZBU,1733558482.6458611
0,1,img_06,PglMIiQ3eR/3472.wav,XRFTW,1733558482.646293
0,1,img_10,6ZJpkWBLAY/7716.wav,OXESS,1733558484.265559
0,1,img_11,xwyWzjbcIh/2100.wav,XTVLW,1733558484.651895
0,0,img_03,DIvM9Yh3T1/5470.wav,NONQE,1733558484.652344
0,0,img_05,r1oYoEKdsY/5637.wav,PCYIS,1733558484.652766
0,0,img_06,Mdrmyou3j4/3750.wav,YCART,1733558484.653188
0,1,img_09,S8sSzdnU7u/3976.wav,ITHDM,1733558484.6536
0,0,img_02,a24ravOvST/9217.wav,DLYIU,1733558486.2690392
0,1,img_08,JMZ1wLpMP6/5772.wav,AJTGO,1733558486.269539
0,1,img_11,UvwzYq7ptN/7597.wav,EDXTG,1733558486.2702222
0,0,img_10,wkMQtOxBc6/5057.wav,UPXVI,1733558486.270785
0,1,img_09,ZQkoPQDzI3/2300.wav,NIRXJ,1733558486.271714
0,0,img_12,KC6T9LIZ5L/8329.wav,JMYTN,1733558486.27216
0,1,img_07,gABupHSVnL/9383.wav,WUJFI,1733558486.2727401
0,1,img_04,jF19NqjCwG/1107.wav,MKNTF,1733558486.2732139
0,1,img_05,i1xQzzrZVq/5502.wav,FAXSB,1733558486.27406
0,0,img_09,2h1izho8hW/7900.wav,OQRNI,1733558486.65938
0,1,img_10,vSMzImjedA/1703.wav,IAJMX,1733558486.659862
0,0,img_02,1dA8Lq2Ylt/3607.wav,OXOVT,1733558486.660314
0,1,img_03,EiHyUm1tzI/3690.wav,FILDD,1733558486.660766
0,1,img_11,LYjeT5m8rA/7787.wav,RTYYC,1733558486.661203
0,1,img_02,tsj1nZRPyF/1564.wav,LQTRZ,1733558486.661647
0,1,img_06,Kxokf0CvOw/9308.wav,UKKYV,1733558486.66222
0,0,img_04,AoYpSqeCum/6089.wav,TXJKK,1733558486.662702
0,0,img_08,rjGZPNZJQu/9253.wav,VAOFX,1733558488.275511
0,1,img_12,oAhJlPYThi/6145.wav,WYIMA,1733558488.276116
0,1,img_05,H8vm7ZF6M6/9612.wav,APICA,1733558488.276642
0,1,img_07,8rOGhKjDGu/8869.wav,PADNZ,1733558488.665953
0,1,img_11,EhJUNALNSy/6867.wav,FNGHT,1733558488.666367
0,0,img_01,S88A1Xhexb/1287.wav,BLNML,1733558488.66684
0,0,img_08,mzSQZy8qXI/2763.wav,EDWDK,1733558488.6672618
0,0,img_08,fmLvd30sQg/8171.wav,LTGSW,1733558488.667692
0,0,img_04,sP2c39TEGt/5735.wav,WULSX,1733558488.668115
0,0,img_08,spDI2Cg5Ri/7555.wav,XFEID,1733558490.279499
0,1,img_04,cTvBNlWmsG/3965.wav,RUTKJ,1733558490.280527
0,1,img_03,b0OVa8z9Ld/1420.wav,XNRKA,1733558490.6700952
0,0,img_09,TEH8eYB4eW/8784.wav,TSVJG,1733558490.670707
0,1,img_05,aEz027jbQT/8444.wav,VQQBT,1733558490.671226
0,0,img_06,7Y44FK7rzR/3456.wav,WKXFS,1733558490.671713
0,0,img_09,dD0tQwKbLJ/2635.wav,SWVYW,1733558490.672189
0,0,img_02,H5HIGELcL0/6079.wav,IEMBE,1733558490.672676
0,0,img_06,csRJQi7GTD/4145.wav,RRMGI,1733558490.673114
0,0,img_08,L5CdmRUh9o/7107.wav,ZFVQX,1733558490.673572
0,0,img_05,JlWsCc7YXz/1037.wav,RJWUU,1733558492.2852402
0,0,img_10,H0q5lu6iLG/8999.wav,EMSPE,1733558492.285941
0,1,img_04,EBgnAS4L7a/7978.wav,UBLRS,1733558492.679345
0,0,img_07,9LOLxiWnIi/4901.wav,GMEDB,1733558492.6798038
0,0,img_05,wQLDqn10ms/5657.wav,CVNIR,1733558492.680254
0,0,img_02,OSvgEnDQFI/8257.wav,MLMDG,1733558494.2906702
0,1,img_06,QU5AqmyVWg/6248.wav,IXJLE,1733558494.291211
0,1,img_12,Bk7obbNuFn/9423.wav,HMHNW,1733558494.291965
0,1,img_04,AsXni9uFjk/9211.wav,YLMRQ,1733558494.292599
0,1,img_10,RImvEApoRa/8672.wav,EEWCL,1733558494.2935512
0,0,img_04,hiEoZOlMhW/4102.wav,AJPVK,1733558494.686841
0,1,img_02,xTI2FsnuGe/8167.wav,OCUCF,1733558496.299354
0,0,img_06,XxV1oQASlG/9440.wav,JYAHM,1733558496.299999
0,1,img_12,ooYfCz5ySw/3211.wav,OAZVB,1733558496.301097
0,0,img_11,LWmA38EZn2/3436.wav,ZWJOS,1733558496.30159
0,1,img_12,ffPixKe0IS/9511.wav,ITDRX,1733558496.3021069
0,0,img_06,oZAWg51oed/2034.wav,MOKGS,1733558496.692977
0,1,img_12,LdeSfTIVn9/2652.wav,JHXNH,1733558496.693565
0,0,img_04,8Z9ualSQ6V/7446.wav,TQAZE,1733558496.694037
0,1,img_08,IAZEOO06e6/2895.wav,HBOBZ,1733558496.6944761
0,0,img_10,K9pCz9xphO/6172.wav,DVPKE,1733558496.694913
0,1,img_01,UdhuIEAVtf/3848.wav,VSIYX,1733558496.695349
0,1,img_05,5NoLKivCHI/9287.wav,FXTMK,1733558496.6957629
0,1,img_10,edFAi1N9o0/8176.wav,JGJQJ,1733558496.696183
0,0,img_03,w9km8aTahM/3046.wav,ZPBZL,1733558496.696617
0,1,img_09,lWnSAwOiGh/3368.wav,IEZHD,1733558498.310384
0,1,img_05,fcp9M0cPRM/7189.wav,DYWUB,1733558498.702286
0,0,img_09,QE0ILagzFb/3890.wav,NLBQR,1733558498.70272
0,0,img_10,d4N4FdYKTN/4613.wav,FDPQG,1733558498.7031438
0,1,img_03,OhW84K4whL/9676.wav,LGMVS,1733558498.703577
0,0,img_06,ZEjZOJEUwI/9237.wav,JSEKR,1733558498.7040079
0,0,img_10,0SHWrp3J2U/9789.wav,LQYIF,1733558498.7044768
0,1,img_10,kIOr3WwVuP/7843.wav,TOLLX,1733558500.312905
0,1,img_02,kvg7yAk37v/9232.wav,KPDAF,1733558500.313706
0,0,img_04,omkYTlwGpt/2370.wav,MYEJK,1733558500.314618
0,1,img_09,xQJSVyERgp/4347.wav,MLYAJ,1733558500.3152242
0,0,img_08,aQoNMNyp79/6498.wav,DHJID,1733558500.3161001
0,1,img_05,bZ4GCAVxlX/3143.wav,MUHZX,1733558500.705606
0,1,img_01,ZHpbLqVID8/6901.wav,LJOWT,1733558500.706097
0,0,img_05,u02sXrGMJe/6728.wav,ENBGH,1733558500.7065642
0,1,img_01,iIGr2PV6PU/5927.wav,MRUZY,1733558500.707036
0,1,img_10,vnfByw9A68/6617.wav,SSOPY,1733558500.707511
0,0,img_04,G6jOlGVsvD/3802.wav,PDIDR,1733558500.707996
0,1,img_01,C7jTNtxHct/5003.wav,YYQCP,1733558502.319021
0,1,img_01,6F7dlMqJYb/9740.wav,DLECD,1733558502.3195908
0,1,img_06,DoBUuDV839/1677.wav,RNKOR,1733558502.320647
0,0,img_04,kqjdZQF5D6/5043.wav,LAQYH,1733558502.321177
0,0,img_12,Pi3JYUoqS7/8837.wav,SALNV,1733558502.322114
0,1,img_05,kNDsdO8puw/9118.wav,QOZPL,1733558502.323178
0,0,img_04,6zOJHwPS2j/5328.wav,KEOJN,1733558502.3238652
0,0,img_01,AjtaVoIzsM/2500.wav,QIJCN,1733558502.324307
0,0,img_01,49CDVZ6bgX/9148.wav,FYALB,1733558502.3248398
0,0,img_10,GvbsIwX2XK/1947.wav,DSFPO,1733558502.709065
0,1,img_04,DJLk9WvDQK/1025.wav,EUICC,1733558502.709621
0,1,img_05,uqEBCqECIk/5413.wav,AZKWC,1733558504.331048
0,0,img_11,yIAIeecGI0/8268.wav,LKTDA,1733558504.331786
0,0,img_04,lmRi3jBcOA/4723.wav,SHONS,1733558504.332344
0,1,img_02,RmmrzFVtOM/9544.wav,QRCMB,1733558504.333396
0,0,img_02,Lp4z9flm2C/5851.wav,ETUDN,1733558504.712144
0,1,img_04,iJYNDKOkxz/7009.wav,ALTNK,1733558504.712683
0,1,img_12,5C97Q1qMDB/8547.wav,PVWOC,1733558506.334857
0,0,img_02,e8slTalcmQ/7602.wav,BWWFU,1733558506.335436
0,0,img_06,4Qt5pUarao/8423.wav,UVYYV,1733558506.336253
0,1,img_01,43q8DVJy8f/8759.wav,SOKCH,1733558506.3367848
0,1,img_03,nHssBEzZB9/4636.wav,FZJUR,1733558506.717264
0,0,img_08,7ng0IbpqGL/1855.wav,ATUUL,1733558506.717765
0,0,img_11,pkJVWO3Z9J/4832.wav,GLHBG,1733558506.718406
0,0,img_06,gD17xwlULU/7525.wav,FJRQB,1733558506.718925
0,0,img_12,likFvNyctv/9226.wav,AZLHW,1733558508.338416
0,0,img_02,36kOtF69cr/5960.wav,OTGGD,1733558508.339008
0,0,img_07,TeQaeiFGlP/1609.wav,NCYHN,1733558508.339721
0,0,img_10,KyrMxWqvdQ/2060.wav,AJHCZ,1733558508.34023
0,0,img_09,5QN656bEPz/1050.wav,PEQPL,1733558508.724203
0,0,img_12,3xKiGJLcjP/1169.wav,QVBCM,1733558508.7247202
0,1,img_10,qBWxu5aJvV/9324.wav,AEXPK,1733558508.725214
0,0,img_02,UBR8X6dL15/4817.wav,WVSXF,1733558508.7257118
0,0,img_12,aNSTmjlLQB/3459.wav,HDQAT,1733558510.346143
0,1,img_03,kcudI9YUzC/5265.wav,UOQKU,1733558510.34674
0,0,img_06,2ROEULBG3E/1656.wav,YZQEY,1733558510.347727
0,1,img_02,DraUsowET9/4810.wav,MCPUI,1733558510.348406
0,0,img_05,s1BHtYsoDs/9811.wav,PQKGO,1733558510.3489769
0,1,img_04,vMLubL3pmm/3797.wav,TGKDR,1733558510.349565
0,1,img_12,6UsBoNUZZ3/6993.wav,ERNLW,1733558510.731413
0,0,img_10,a62tX8r5XB/5894.wav,YXOWI,1733558510.732016
0,1,img_11,Z93B6fOlhl/8551.wav,GPKVB,1733558510.732544
0,0,img_08,jKyrSadGnq/5013.wav,RPMDD,1733558510.7330618
0,1,img_08,h6o1kRHBjW/3140.wav,LNJUG,1733558510.733579
0,0,img_02,hjvM2rZ3ji/4427.wav,EQRJR,1733558512.358866
0,1,img_09,VNu64Pl2mu/9992.wav,JMUIK,1733558512.3597171
0,0,img_12,1YTF6bUyEC/5135.wav,GKMQD,1733558512.360209
0,0,img_07,D1GtuM82kJ/2701.wav,AAVBX,1733558512.738205
0,1,img_12,wFEeZFpBqN/1484.wav,JQQQI,1733558512.738741
0,0,img_03,XrGIsdDSj7/6161.wav,BIMZU,1733558512.739273
0,0,img_09,oitD3ancQy/4756.wav,AVGFE,1733558512.739784
0,1,img_02,LAslCvL6ex/6193.wav,QKADQ,1733558512.740296
0,0,img_07,zriWT8yZ2i/7991.wav,MFXRA,1733558512.740801
0,0,img_01,0TSlbaIMpD/7855.wav,WPAOD,1733558512.741305
0,0,img_01,DXf08Ku8Oz/4098.wav,OYBWS,1733558512.7418618
0,1,img_04,urXUAiXb1V/7243.wav,VFNMS,1733558514.361557
0,0,img_03,mdv2sNpkDC/6225.wav,BCRET,1733558514.3621418
0,1,img_10,jmFYverpJT/1107.wav,ZTOGZ,1733558514.362873
0,0,img_10,j6G4Qra4IX/6300.wav,RLOKG,1733558514.363483
0,0,img_10,XTHcDG4WP5/5651.wav,QBUHM,1733558514.364536
0,0,img_12,EEL6l2sUK8/3676.wav,YNWXZ,1733558514.3651981
0,1,img_01,sEwoDnZdvB/1509.wav,YKLQS,1733558514.365807
0,1,img_01,cseTJEONKj/9959.wav,FPNKE,1733558514.36653
0,0,img_09,XUxD4go0Bw/5438.wav,SHWTO,1733558514.7435038
0,0,img_04,mZqZ1PPAQ8/5100.wav,ULGAY,1733558514.744044
0,1,img_07,Sb6dVtEXXG/6767.wav,UDVRB,1733558514.744583
0,1,img_08,5Fr3crPzQ4/6343.wav,LYPTJ,1733558514.745095
0,0,img_08,uL0nhi7piN/5473.wav,LCJJN,1733558514.745616
0,1,img_11,VRRthva2SP/2812.wav,QQAHX,1733558514.746269
0,0,img_10,d1kwkPc3M9/7153.wav,AFCMO,1733558514.746803
0,0,img_08,1QkqVrXgtm/8423.wav,CGPQL,1733558514.747317
0,1,img_04,V7GaQjXruH/2235.wav,EBRJM,1733558514.747815
0,0,img_12,e9zW7wUmId/2325.wav,CFUOK,1733558514.7483258
0,1,img_05,32zNjPshCF/8076.wav,BASDM,1733558516.371449
0,1,img_09,vCgrxXwSDr/9866.wav,BJFRZ,1733558516.372053
0,1,img_01,JI7uYSlwoL/7956.wav,RGEAN,1733558516.372803
0,0,img_10,b1zg3sPKHO/4615.wav,IRGPO,1733558516.373433
0,1,img_09,2eHtXoqivc/4425.wav,EBGRI,1733558516.374655
0,1,img_10,Lxz33sCbUk/6396.wav,KUYBC,1733558516.750728
0,1,img_09,ILfzDfGSlv/6778.wav,RDJHT,1733558516.7516239
0,0,img_05,4J1DiQUL3r/6178.wav,LRSHU,1733558516.7524
0,0,img_06,duYzjiRqjw/9168.wav,GZHTI,1733558516.752955
0,0,img_06,FJTV27bD9l/4576.wav,MEPIG,1733558516.753502
0,1,img_05,5ohzn91TC7/1156.wav,JRNPY,1733558516.754028
0,1,img_02,MDPuLfR4vM/6818.wav,PYVPF,1733558518.380807
0,0,img_09,ztbkBqcb3p/1542.wav,UZUCX,1733558518.381449
0,1,img_08,UBthmwLj74/8081.wav,DIRMK,1733558518.382286
0,1,img_09,koQc2DyFdm/8752.wav,HYNOB,1733558518.382968
0,0,img_01,dwJreyqYVA/3595.wav,OOYGT,1733558518.3843699
0,0,img_08,e7IDMfsHKE/2536.wav,MGKFM,1733558518.3850272
0,1,img_11,gcJAfP0vLk/7520.wav,WVGEP,1733558518.385917
0,1,img_11,nUY8QYu2Tr/4505.wav,LOIQN,1733558518.386456
0,0,img_01,pzWomiOidC/6554.wav,BRHFS,1733558518.387157
0,1,img_10,bN9ojMa8r8/2406.wav,UDTLD,1733558518.756219
0,1,img_04,IhnKPMVsoV/9581.wav,UDEOO,1733558518.7567449
0,1,img_02,fO3yzU4iaD/8974.wav,SZVIZ,1733558518.757281
0,0,img_03,XLuqHGg8nT/3356.wav,CFMFE,1733558518.757826
0,1,img_03,yE0MuncgY8/1463.wav,RHOWF,1733558518.758354
0,0,img_01,SBXZN8Uy4s/5464.wav,RIOXP,1733558518.758933
0,0,img_03,GXo1m1FzMN/7036.wav,JQIXL,1733558520.392576
0,1,img_09,VWVscolgLk/9499.wav,SULVK,1733558520.394063
0,1,img_11,xdgdn0dJsy/9319.wav,OAAMX,1733558520.394963
0,1,img_10,WVTEAceII2/8733.wav,BTTVS,1733558520.761714
0,0,img_10,ZkWLE8aoCL/2830.wav,KRWKK,1733558520.7622662
0,0,img_08,pz5pGzyGJz/3503.wav,DXWGU,1733558520.762797
0,1,img_01,gCe9FDaBGL/2301.wav,TQDUQ,1733558520.763341
0,1,img_05,KN36XaYJxU/2601.wav,FHEYH,1733558520.763863
0,0,img_03,CQtmSMQ621/9147.wav,NQCER,1733558520.764385
0,0,img_07,aSoKNDvLId/7620.wav,VUFFY,1733558522.401637
0,0,img_06,HuR7M2va26/4496.wav,PNLTK,1733558522.4029062
0,0,img_06,sPEhpinWAO/9481.wav,FBCWH,1733558522.404178
0,0,img_10,GcSEaAqm0p/9946.wav,ZOBHJ,1733558522.404793
0,0,img_06,bd4sxd0ydN/6494.wav,DVOBB,1733558522.4057071
0,0,img_09,Ag2wp5VqqY/7990.wav,GEFPB,1733558522.7722418
0,1,img_05,QOsA0XAQUL/5233.wav,CGESB,1733558522.772785
0,0,img_03,8lml1tqwTO/7438.wav,DBPTI,1733558524.4091148
0,0,img_09,6WSXpIuMn8/7790.wav,XGABB,1733558524.409771
0,1,img_02,MnrcJ8lu7q/8085.wav,UHIFN,1733558524.7743528
0,0,img_12,Ckpqhjqxon/2016.wav,OQMMR,1733558524.7749388
0,1,img_04,ds7P1q0vwN/7136.wav,PNTZO,1733558524.775616
0,0,img_10,axgHD4KIxa/3624.wav,ZXTAQ,1733558526.411288
0,1,img_08,nP9XlW26af/8546.wav,NLVIH,1733558526.412108
0,0,img_02,C8NQiEwXkm/1503.wav,FNALE,1733558526.412768
0,1,img_03,qpOT0QPw75/7820.wav,GDNRH,1733558526.413913
0,1,img_06,8jeALYjKtl/2803.wav,PHOWM,1733558526.414606
0,0,img_06,WcNTzSsKou/5924.wav,TQZTB,1733558526.4152331
0,0,img_04,Wwt1hSR3Cm/9797.wav,WNNSK,1733558526.415827
0,0,img_12,I2pG12v6Xa/2147.wav,TJYCB,1733558526.781464
0,0,img_11,nNy423LeQw/8444.wav,CKQQI,1733558526.7820191
0,1,img_11,Rnt2lw2EVY/5544.wav,PKIAN,1733558526.782579
0,0,img_02,w87xwaTMqV/5818.wav,AYNAZ,1733558526.7831051
0,1,img_09,8Ed8sK4ne5/6469.wav,IDDER,1733558526.7836459
0,0,img_03,dMS9VVG03p/2839.wav,VGGZR,1733558526.784169
0,0,img_12,vT7UIyJzhV/1137.wav,KKTLF,1733558526.7847009
0,0,img_01,k6ovSQPrfw/2484.wav,FMRHP,1733558526.785247
0,1,img_04,B8BVFwzelb/1264.wav,WSXQR,1733558528.4223309
0,0,img_11,ziAtfKzx2G/1807.wav,SMGTL,1733558528.422899
0,1,img_07,MQuh2kTLPh/5396.wav,JKTEW,1733558528.4236548
0,1,img_11,b2qcXCfkyE/8419.wav,UEQJL,1733558528.424372
0,0,img_07,yJx1yaFX0I/1054.wav,LBGPI,1733558528.78849
0,1,img_08,TpeguwV6Vx/6068.wav,QYPJR,1733558528.789042
0,0,img_07,EjELAHkVhN/8168.wav,NTIPA,1733558528.789602
0,1,img_06,hROuahc3VJ/6712.wav,YNRTV,1733558528.79014
0,1,img_06,MuvUPABSqL/5989.wav,RTPZI,1733558528.790694
0,0,img_07,RABr2FF4uu/8349.wav,PZLNU,1733558528.7913768
0,1,img_12,dcguvIJZS6/5388.wav,PMVYR,1733558530.427316
0,0,img_12,l53bCw8pS4/9132.wav,OJAUG,1733558530.7946
0,0,img_10,BNqv8cMuat/3852.wav,YRCCM,1733558530.7951858
0,0,img_08,iWvmix28Pi/9018.wav,OQKJP,1733558530.79575
0,0,img_04,DjLk6XG4cU/7040.wav,QYLGG,1733558530.796312
0,0,img_08,z7mERDynUY/4789.wav,DQKCL,1733558530.796869
0,1,img_11,ON1JyPTNCk/8302.wav,XWHOA,1733558530.79742
0,1,img_03,ZBx0oWTULg/1039.wav,DTCVG,1733558530.798006
0,1,img_02,oCm4yzUCBc/1724.wav,QLCUH,1733558530.7985642
0,0,img_08,mWZjKUSYLV/8644.wav,ACAGE,1733558530.7991402
0,0,img_03,nq1NLh63FT/5643.wav,RLHEM,1733558530.7997491
0,1,img_03,kBpnMoToH1/9743.wav,UELVF,1733558532.434436
0,1,img_04,VGBRfEy8oX/3037.wav,NACXJ,1733558532.435053
0,1,img_02,EDIDspJUQ8/2979.wav,IUNYF,1733558532.4359949
0,0,img_11,cW2pcmg4rI/4118.wav,VJCHI,1733558532.437283
0,1,img_02,HfK9Rv1lvc/8502.wav,ELDSS,1733558532.437943
0,1,img_09,yfyQzX7CuA/3088.wav,PVWUQ,1733558532.4389892
0,0,img_05,iFyXGxj27Y/9011.wav,GSWWA,1733558532.43978
0,0,img_09,k47a9CJtLv/1050.wav,UNJFI,1733558532.441008
0,1,img_01,zaSyonOUnz/5118.wav,ZJCUK,1733558532.441748
0,1,img_12,IfD7Rr14tV/2520.wav,VIBJY,1733558532.4425101
0,0,img_10,wFUyIgsS0s/3636.wav,RUXKS,1733558532.805697
0,1,img_10,A0jEyJ9ZFY/1750.wav,RGGTO,1733558534.4466581
0,0,img_07,FtsDLp5TD2/4579.wav,HDFAU,1733558534.447316
0,1,img_10,Pjw5aohlPc/2397.wav,VDFOO,1733558534.448537
0,0,img_06,K6isXpUVk6/1734.wav,XHBJN,1733558534.449192
0,1,img_01,eK9REfCdDH/6440.wav,ZFARG,1733558534.449994
0,1,img_06,p0DZ1a2KDB/3808.wav,OWTBT,1733558534.450731
0,1,img_05,ZdL7KruJxA/4609.wav,ZLIJZ,1733558534.809521
0,1,img_07,TFGqGrhycj/5307.wav,RMZBN,1733558534.8101099
0,0,img_03,anRNQpfVuV/2311.wav,BXRLX,1733558534.810694
0,1,img_06,scU253HAic/8657.wav,GLPPR,1733558534.8112488
0,1,img_03,mY6JW1XvyW/6181.wav,JURVM,1733558534.8118222
0,1,img_07,DlvU7ojWMf/9641.wav,PMKVP,1733558536.454516
0,0,img_09,FOoi6ulsxX/2932.wav,XZXHL,1733558536.4551349
0,0,img_09,bv4oJLEdQz/5163.wav,IZIPQ,1733558536.45595
0,0,img_10,8EiYF7ro6A/1929.wav,OXQFP,1733558536.4566379
0,0,img_05,o62k0YgRkD/1622.wav,XJOXU,1733558536.4579468
0,0,img_10,9Yai9HivwD/6766.wav,LHWVN,1733558536.458613
0,0,img_05,ZUs0kOdx8I/4004.wav,EUZXR,1733558536.459489
0,0,img_05,qJIZPv332S/5943.wav,CWAXZ,1733558536.460144
0,1,img_01,Y2FlvuULvv/7414.wav,XGCUW,1733558536.4613361
0,0,img_02,qUX2dTctdI/6315.wav,GECQH,1733558536.814205
0,1,img_06,BlrS8YOGgH/6784.wav,NMISN,1733558536.815125
0,1,img_11,um6dOJ345v/1854.wav,WUIIP,1733558536.8158872
0,0,img_10,bOmCjOAarx/9770.wav,XCLRV,1733558536.8180149
0,1,img_05,AqG2fyswOs/5063.wav,FYDFU,1733558536.818742
0,0,img_09,YOxpFEpHOt/7622.wav,IGUHM,1733558536.819425
0,0,img_06,mlaY1fMK7G/2776.wav,IBKWY,1733558536.820342
0,0,img_01,BBTpYE4s3W/6582.wav,DALOL,1733558536.82096
0,0,img_11,LXXIaOVBkZ/6904.wav,NUDUB,1733558536.8215969
0,1,img_07,K6Rf4Hmube/3793.wav,OZGTY,1733558538.465059
0,0,img_05,dIdsuvIQtQ/8803.wav,WHRZY,1733558538.465773
0,0,img_03,1HTcJtDA9S/2150.wav,AGHYD,1733558538.4669771
0,0,img_08,GTJ76VYE4v/5738.wav,UQXTA,1733558538.467733
0,0,img_03,H9Tmxx8nPc/9391.wav,YUZEJ,1733558538.4683142
0,1,img_12,il6gLJIVOF/8372.wav,KGIQS,1733558538.4690392
0,1,img_03,vCA5iHwx6m/7668.wav,YSOUH,1733558538.46974
0,0,img_04,CLKaJFbBeI/6078.wav,EKMPE,1733558538.4711082
0,0,img_02,RJTlyEUA0I/4768.wav,UHDSI,1733558538.472149
0,0,img_11,sLSS8nP5p9/8113.wav,DBOZX,1733558538.4727821
0,1,img_01,Ahx2JpBcXp/5217.wav,NYVEY,1733558538.825953
0,0,img_02,ubXMzu2FOS/7216.wav,TFCBV,1733558538.826678
0,0,img_03,BkODFRJo7q/7481.wav,TXIZT,1733558538.827273
0,0,img_04,OvrkNhm2GS/4444.wav,BKZSA,1733558538.827873
0,0,img_02,uC3B68VPVG/1918.wav,NWTVL,1733558538.828444
0,0,img_01,1riWXpersL/2190.wav,COVGR,1733558538.829056
0,0,img_11,63bKQtFCX8/7152.wav,OETQR,1733558538.829761
0,1,img_03,tkIt81OraP/5203.wav,LPISH,1733558538.8303769
0,0,img_12,3mHUPlKkRz/3107.wav,WUCPE,1733558538.830965
0,1,img_02,TZl7NLD49T/7198.wav,HAQJN,1733558540.477921
0,1,img_08,Eo6b5pHduf/4858.wav,OVITL,1733558540.478695
0,1,img_07,1tlJ6qvUb8/3015.wav,BCSHQ,1733558540.479698
